{
  "tests": [
    {
      "name": "Test 1",
      "setup": "",
      "run": "timeout 1 ./crossings tests/input1.txt",
      "input": "",
      "output": "4",
      "comparison": "exact",
      "timeout": 1,
      "points": 1
    },
    {
      "name": "Test 2",
      "setup": "",
      "run": "timeout 1 ./crossings tests/input2.txt",
      "input": "",
      "output": "0",
      "comparison": "exact",
      "timeout": 1,
      "points": 1
    },
    {
      "name": "Test 3",
      "setup": "",
      "run": "timeout 1 ./crossings tests/input3.txt",
      "input": "",
      "output": "4",
      "comparison": "exact",
      "timeout": 1,
      "points": 1
    },
    {
      "name": "Test 4",
      "setup": "",
      "run": "timeout 1 ./crossings tests/input4.txt",
      "input": "",
      "output": "9",
      "comparison": "exact",
      "timeout": 1,
      "points": 1
    },
    {
      "name": "Test 5",
      "setup": "",
      "run": "timeout 1 ./crossings tests/input5.txt",
      "input": "",
      "output": "5",
      "comparison": "exact",
      "timeout": 1,
      "points": 1
    },
    {
      "name": "Test 6",
      "setup": "",
      "run": "timeout 1 ./crossings tests/input6.txt",
      "input": "",
      "output": "0",
      "comparison": "exact",
      "timeout": 1,
      "points": 1
    },
    {
      "name": "Test 7",
      "setup": "",
      "run": "timeout 1 ./crossings tests/input7.txt",
      "input": "",
      "output": "0",
      "comparison": "exact",
      "timeout": 1,
      "points": 1
    },
    {
      "name": "Test 8",
      "setup": "",
      "run": "timeout 1 ./crossings tests/input8.txt",
      "input": "",
      "output": "15",
      "comparison": "exact",
      "timeout": 1,
      "points": 1
    },
    {
      "name": "Test 9",
      "setup": "",
      "run": "timeout 1 ./crossings tests/input9.txt",
      "input": "",
      "output": "15",
      "comparison": "exact",
      "timeout": 1,
      "points": 1
    },
    {
      "name": "Test 10",
      "setup": "",
      "run": "timeout 1 ./crossings tests/input10.txt",
      "input": "",
      "output": "20",
      "comparison": "exact",
      "timeout": 1,
      "points": 1
    },
    {
      "name": "Test 11",
      "setup": "",
      "run": "timeout 1 ./crossings tests/input11.txt",
      "input": "",
      "output": "45",
      "comparison": "exact",
      "timeout": 1,
      "points": 1
    },
    {
      "name": "Test 12",
      "setup": "",
      "run": "timeout 1 ./crossings tests/input12.txt",
      "input": "",
      "output": "500500",
      "comparison": "exact",
      "timeout": 1,
      "points": 1
    },
    {
      "name": "Test 13",
      "setup": "",
      "run": "timeout 2 ./crossings tests/input13.txt",
      "input": "",
      "output": "4999950000",
      "comparison": "exact",
      "timeout": 1,
      "points": 1
    },
    {
      "name": "Test 14",
      "setup": "",
      "run": "timeout 1 ./crossings tests/input14.txt",
      "input": "",
      "output": "25158890",
      "comparison": "exact",
      "timeout": 1,
      "points": 1
    },
    {
      "name": "Test 15",
      "setup": "",
      "run": "timeout 2 ./crossings tests/input15.txt",
      "input": "",
      "output": "2491414831",
      "comparison": "exact",
      "timeout": 1,
      "points": 1
    }
  ]
}
