{
  "tests": [
    {
      "name": "Test 1",
      "setup": "",
      "run": "timeout 1 ./aatree tests/input1.txt output.txt && cmp output.txt tests/output1.txt",
      "input": "",
      "output": "",
      "comparison": "exact",
      "timeout": 1,
      "points": 1
    },
    {
      "name": "Test 2",
      "setup": "",
      "run": "timeout 1 ./aatree tests/input2.txt output.txt && cmp output.txt tests/output2.txt",
      "input": "",
      "output": "",
      "comparison": "exact",
      "timeout": 1,
      "points": 1
    },
    {
      "name": "Test 3",
      "setup": "",
      "run": "timeout 1 ./aatree tests/input3.txt output.txt && cmp output.txt tests/output3.txt",
      "input": "",
      "output": "",
      "comparison": "exact",
      "timeout": 1,
      "points": 1
    },
    {
      "name": "Test 4",
      "setup": "",
      "run": "timeout 1 ./aatree tests/input4.txt output.txt && cmp output.txt tests/output4.txt",
      "input": "",
      "output": "",
      "comparison": "exact",
      "timeout": 1,
      "points": 1
    },
    {
      "name": "Test 5",
      "setup": "",
      "run": "timeout 1 ./aatree tests/input5.txt output.txt && cmp output.txt tests/output5.txt",
      "input": "",
      "output": "",
      "comparison": "exact",
      "timeout": 1,
      "points": 1
    },
    {
      "name": "Test 6",
      "setup": "",
      "run": "timeout 1 ./aatree tests/input6.txt output.txt && cmp output.txt tests/output6.txt",
      "input": "",
      "output": "",
      "comparison": "exact",
      "timeout": 1,
      "points": 1
    },
    {
      "name": "Test 7",
      "setup": "",
      "run": "timeout 1 ./aatree tests/input7.txt output.txt && cmp output.txt tests/output7.txt",
      "input": "",
      "output": "",
      "comparison": "exact",
      "timeout": 1,
      "points": 1
    },
    {
      "name": "Test 8",
      "setup": "",
      "run": "timeout 1 ./aatree tests/input8.txt output.txt && cmp output.txt tests/output8.txt",
      "input": "",
      "output": "",
      "comparison": "exact",
      "timeout": 1,
      "points": 1
    },
    {
      "name": "Test 9",
      "setup": "",
      "run": "timeout 1 ./aatree tests/input9.txt output.txt && cmp output.txt tests/output9.txt",
      "input": "",
      "output": "",
      "comparison": "exact",
      "timeout": 1,
      "points": 1
    },
    {
      "name": "Test 10",
      "setup": "",
      "run": "timeout 1 ./aatree tests/input10.txt output.txt && cmp output.txt tests/output10.txt",
      "input": "",
      "output": "",
      "comparison": "exact",
      "timeout": 1,
      "points": 1
    },
    {
      "name": "Test 11",
      "setup": "",
      "run": "timeout 3 ./aatree tests/input11.txt output.txt && cmp output.txt tests/output11.txt",
      "input": "",
      "output": "",
      "comparison": "exact",
      "timeout": 1,
      "points": 1
    }
  ]
}
