{
  "tests": [
    {
      "name": "Test 1",
      "setup": "",
      "run": "timeout 1 ./kth tests/in/input1.txt output.txt && cmp output.txt tests/out/output1.txt",
      "input": "",
      "output": "",
      "comparison": "exact",
      "timeout": 1,
      "points": 1
    },
    {
      "name": "Test 2",
      "setup": "",
      "run": "timeout 1 ./kth tests/in/input2.txt output.txt && cmp output.txt tests/out/output2.txt",
      "input": "",
      "output": "",
      "comparison": "exact",
      "timeout": 1,
      "points": 1
    },
    {
      "name": "Test 3",
      "setup": "",
      "run": "timeout 1 ./kth tests/in/input3.txt output.txt && cmp output.txt tests/out/output3.txt",
      "input": "",
      "output": "",
      "comparison": "exact",
      "timeout": 1,
      "points": 1
    },
    {
      "name": "Test 4",
      "setup": "",
      "run": "timeout 1 ./kth tests/in/input4.txt output.txt && cmp output.txt tests/out/output4.txt",
      "input": "",
      "output": "",
      "comparison": "exact",
      "timeout": 1,
      "points": 1
    },
    {
      "name": "Test 5",
      "setup": "",
      "run": "timeout 1 ./kth tests/in/input5.txt output.txt && cmp output.txt tests/out/output5.txt",
      "input": "",
      "output": "",
      "comparison": "exact",
      "timeout": 1,
      "points": 1
    },
    {
      "name": "Test 6",
      "setup": "",
      "run": "timeout 1 ./kth tests/in/input6.txt output.txt && cmp output.txt tests/out/output6.txt",
      "input": "",
      "output": "",
      "comparison": "exact",
      "timeout": 1,
      "points": 1
    },
    {
      "name": "Test 7",
      "setup": "",
      "run": "ulimit -Sv 100000 && timeout 90 ./kth tests/in/input7.txt output.txt && cmp output.txt tests/out/output7.txt",
      "input": "",
      "output": "",
      "comparison": "exact",
      "timeout": 1,
      "points": 1
    },
    {
      "name": "Test 8",
      "setup": "",
      "run": "timeout 90 ./kth tests/in/input8.txt output.txt && cmp output.txt tests/out/output8.txt",
      "input": "",
      "output": "",
      "comparison": "exact",
      "timeout": 1,
      "points": 1
    },
    {
      "name": "Test 9",
      "setup": "",
      "run": "timeout 90 ./kth tests/in/input9.txt output.txt && cmp output.txt tests/out/output9.txt",
      "input": "",
      "output": "",
      "comparison": "exact",
      "timeout": 1,
      "points": 1
    }
  ]
}
